ID,Title,Description,Status,Source
bbbf888a-ae1d-4312-b1db-c8141a692ea1,title-0,description-0,live,file-1
07bf5c47-b810-4a9c-a17f-27269d063afa,title-1,description-1,pending,file-1
78652978-4126-4dab-8245-96d4e2927b84,title-2,description-2,rejected,file-1
79815868-a918-4b19-b13d-941a6350c5f4,title-3,description-3,live,file-1
b6f82866-b71f-488f-a635-cc84021db927,title-4,description-4,rejected,file-1
47b6c280-5ae2-4366-b508-63e45b989ff5,title-5,description-5,rejected,file-1
c49333ec-04e5-43a4-90d9-a43d0a11498b,title-6,description-6,live,file-1
2c6f130a-ca5a-4da7-88ab-3aab45f841b4,title-7,description-7,pending,file-1
f2b3f2d9-bc21-459f-a426-de0628a08776,title-8,description-8,rejected,file-1
f7b7fc05-98ff-4a61-92af-e4ab072c026e,title-9,description-9,pending,file-1
